{"cameraMode":{"drawMode":0,"name":"Shaded","section":"Shading Mode"},"sceneLighting":false,"audioPlay":false,"sceneViewState":{"showFog":true,"showMaterialUpdate":false,"showSkybox":true,"showFlares":true,"showImageEffects":true,"showParticleSystems":true},"in2DMode":false,"pivot":{"x":-5.388951301574707,"y":-13.476949691772461,"z":-40.100929260253909},"rotation":{"x":-0.0015975069254636765,"y":0.9897398352622986,"z":-0.14244014024734498,"w":-0.011105774901807309},"size":55.993099212646487,"orthographic":false}