{"cameraMode":{"drawMode":0,"name":"Shaded","section":"Shading Mode"},"sceneLighting":false,"audioPlay":false,"sceneViewState":{"showFog":true,"showMaterialUpdate":false,"showSkybox":true,"showFlares":true,"showImageEffects":true,"showParticleSystems":true},"in2DMode":false,"pivot":{"x":-18.885101318359376,"y":-3.850555896759033,"z":-15.105493545532227},"rotation":{"x":-0.03808235377073288,"y":0.959084153175354,"z":-0.15716902911663056,"w":-0.23239044845104218},"size":40.010372161865237,"orthographic":false}