{"cameraMode":{"drawMode":0,"name":"Shaded","section":"Shading Mode"},"sceneLighting":false,"audioPlay":false,"sceneViewState":{"showFog":true,"showMaterialUpdate":false,"showSkybox":true,"showFlares":true,"showImageEffects":true,"showParticleSystems":true},"in2DMode":false,"pivot":{"x":-19.456478118896486,"y":-6.096196174621582,"z":-11.068464279174805},"rotation":{"x":-0.0630669966340065,"y":0.9201818108558655,"z":-0.1664305478334427,"w":-0.3486959636211395},"size":41.81084060668945,"orthographic":false}