{"cameraMode":{"drawMode":0,"name":"Shaded","section":"Shading Mode"},"sceneLighting":false,"audioPlay":false,"sceneViewState":{"showFog":true,"showMaterialUpdate":false,"showSkybox":true,"showFlares":true,"showImageEffects":true,"showParticleSystems":true},"in2DMode":false,"pivot":{"x":2.4433364868164064,"y":-14.197284698486329,"z":-21.707345962524415},"rotation":{"x":0.03555555269122124,"y":0.9504855275154114,"z":-0.2850559651851654,"w":0.11855924874544144},"size":36.26547622680664,"orthographic":false}