{"cameraMode":{"drawMode":0,"name":"Shaded","section":"Shading Mode"},"sceneLighting":false,"audioPlay":false,"sceneViewState":{"showFog":true,"showMaterialUpdate":false,"showSkybox":true,"showFlares":true,"showImageEffects":true,"showParticleSystems":true},"in2DMode":false,"pivot":{"x":-9.615503311157227,"y":0.7057499885559082,"z":-40.681278228759769},"rotation":{"x":-0.00010303317685611546,"y":0.9998582601547241,"z":-0.015436037443578244,"w":-0.006719417404383421},"size":55.993099212646487,"orthographic":false}