{"cameraMode":{"drawMode":0,"name":"Shaded","section":"Shading Mode"},"sceneLighting":false,"audioPlay":false,"sceneViewState":{"showFog":true,"showMaterialUpdate":false,"showSkybox":true,"showFlares":true,"showImageEffects":true,"showParticleSystems":true},"in2DMode":false,"pivot":{"x":-6.861820220947266,"y":-20.132051467895509,"z":-33.73056411743164},"rotation":{"x":0.00018943841860163957,"y":0.9701529145240784,"z":-0.24249267578125,"w":0.0007549457368440926},"size":55.993099212646487,"orthographic":false}