{"cameraMode":{"drawMode":0,"name":"Shaded","section":"Shading Mode"},"sceneLighting":false,"audioPlay":false,"sceneViewState":{"showFog":true,"showMaterialUpdate":false,"showSkybox":true,"showFlares":true,"showImageEffects":true,"showParticleSystems":true},"in2DMode":false,"pivot":{"x":-45.49553298950195,"y":-34.65583419799805,"z":-44.877628326416019},"rotation":{"x":-0.09310758113861084,"y":0.9057257771492004,"z":-0.2672705054283142,"w":-0.3155286908149719},"size":75.27772521972656,"orthographic":false}